idex,user_name,rating,content,label
1,Ngoc_Anh_123,5,"S·∫£n ph·∫©m r·∫•t t·ªët ·∫°. Giao h√†ng nhanh l·∫Øm lu√¥n. Mua l·∫ßn t4 m√† v·∫´n ∆∞ng",ch·∫•t l∆∞·ª£ng s·∫£n ph·∫©m
2,MinhHieu90,4,"V·∫£i ƒë·∫πp, m·∫∑c m√°t. C√≥ ƒëi·ªÅu giao h√†ng h∆°i l√¢u x√≠u th√¥i",ch·∫•t l∆∞·ª£ng s·∫£n ph·∫©m
3,thanhthuy_22,3,"H√¨nh ·∫£nh v√† sp ko gi·ªëng l·∫Øm. M√πi h∆°i kh√≥ ch·ªãu. H∆°i th·∫•t v·ªçng",ch·∫•t l∆∞·ª£ng s·∫£n ph·∫©m
4,duc_huy_ne,5,"ƒê√°ng mua nha mn. Qu·∫ßn √°o okeeee lm, m·∫∑c t√¥n d√°ng. Gi√° r·∫ª n·ªØa",ch·∫•t l∆∞·ª£ng s·∫£n ph·∫©m
5,hang_bui_99,2,"H√†ng b·ªã l·ªói r·ªìi shop ∆°i, ƒë∆∞·ªùng may ko ƒë·ªÅu. Cho 2 sao th√¥i",ch·∫•t l∆∞·ª£ng s·∫£n ph·∫©m
6,le_trang_11,5,"√Åo xinhhhh, v·∫£i d√†y d·∫∑n. S·∫Ω ·ªßng h·ªô shop n·ªØa. Giao h√†ng nhanh vch",ch·∫•t l∆∞·ª£ng s·∫£n ph·∫©m
7,hoang_thuan,1,"√Åo r√°ch, h√†ng d·ªüm, mua v·ªÅ ch·ªâ v·ª©t ƒëi. ƒê·ª´ng ai mua. Ti·ªÅn m·∫•t t·∫≠t mang",ch·∫•t l∆∞·ª£ng s·∫£n ph·∫©m
8,thu_vu_123,4,"Gi√†y ƒë·∫πp, ƒëi √™m ch√¢n. Nh∆∞ng c√≥ v·∫øt keo nh·ªè. Kqkwjjwjek",ch·∫•t l∆∞·ª£ng s·∫£n ph·∫©m
9,phuong.nguyen.1,5,"·ªêp ƒë·∫πp, y h√¨nh. R·∫•t h√†i l√≤ng. Giao h√†ng si√™u t·ªëc lu√¥n",ch·∫•t l∆∞·ª£ng s·∫£n ph·∫©m
10,anh_duy_99,3,"Qu·∫ßn h∆°i ch·∫≠t, ko co gi√£n m·∫•y. Mua size l m√† v·∫´n ko v·ª´a üò•",ch·∫•t l∆∞·ª£ng s·∫£n ph·∫©m
11,mai_hien,5,"Ch·∫•t v·∫£i t·ªët, ƒë∆∞·ªùng may t·ªâ m·ªâ. R·∫•t x·ª©ng ƒë√°ng v·ªõi gi√° ti·ªÅn.",ch·∫•t l∆∞·ª£ng s·∫£n ph·∫©m
12,kien_le_24,4,"Sp okk. M√† m√†u ko gi·ªëng nh∆∞ qcao. H∆°i nh·∫°t h∆°n",ch·∫•t l∆∞·ª£ng s·∫£n ph·∫©m
13,thanh.tung,2,"ƒê·ªì nh√°i, v·∫£i m·ªèng tang. N√≥i th·∫≠t l√† ko n√™n mua",ch·∫•t l∆∞·ª£ng s·∫£n ph·∫©m
14,hieu_tran,5,"T√∫i ƒë·∫πp. ƒê·ª±ng ƒëc nhi·ªÅu ƒë·ªì. Ti·ªán l·∫Øm lu√¥n. Giao h√†ng nhanh",ch·∫•t l∆∞·ª£ng s·∫£n ph·∫©m
15,linh_dan_ne,4,"V·∫£i ·ªïn, ko qu√° x·ªãn nh∆∞ng m·∫∑c ƒë∆∞·ª£c. Gi√° n√†y th√¨ qu√° h·ª£p l√Ω r·ªìi",ch·∫•t l∆∞·ª£ng s·∫£n ph·∫©m
16,van.anh.23,3,"√Åo r·ªông qu√° tr·ªùi, m·∫∑c nh∆∞ bao t·∫£i. ƒê·∫∑t m m√† th√†nh xl th√¨ ph·∫£i üò≠üò≠",ch·∫•t l∆∞·ª£ng s·∫£n ph·∫©m
17,ha.pham.2000,5,"H√†ng ƒë√∫ng y m√¥ t·∫£, giao nhanh, ƒë√≥ng g√≥i c·∫©n th·∫≠n",ch·∫•t l∆∞·ª£ng s·∫£n ph·∫©m
18,viet_hoang,1,"Kem ko hi·ªáu qu·∫£ g√¨ c·∫£, d√πng c·∫£ th√°ng m√† ko th·∫•y g√¨. L·ª´a ƒë·∫£o",ch·∫•t l∆∞·ª£ng s·∫£n ph·∫©m
19,nguyen_nga_98,5,"ƒêi·ªán tho·∫°i d√πng t·ªët. Pin tr√¢u. C·∫ßm v·ª´a tay. Tqiqjdjssnsjs",ch·∫•t l∆∞·ª£ng s·∫£n ph·∫©m
20,phuoc_loc,4,"M√°y t√≠nh ch·∫°y m∆∞·ª£t. M√† v·ªè b·ªã tr·∫ßy nh·∫π. C√≥ v·∫ª ko ph·∫£i h√†ng m·ªõi 100%",ch·∫•t l∆∞·ª£ng s·∫£n ph·∫©m
21,tran.tuan.anh,5,"Gi√†y x·ªãn s√≤, ƒëi l√™n ch√¢n t√¥n d√°ng. R·∫•t ∆∞ng √Ω v·ªõi sp n√†y",ch·∫•t l∆∞·ª£ng s·∫£n ph·∫©m
22,minh_thu_99,3,"B·ªã thi·∫øu 1 m√≥n ƒë·ªì. Shop ch∆∞a x·ª≠ l√Ω cho t√¥i. G·ªçi ko nghe m√°y",ch·∫•t l∆∞·ª£ng s·∫£n ph·∫©m
23,thanh_nga_ne,5,"V√°y ƒë·∫πp l·∫Øm ·∫°, m·∫∑c t√¥n d√°ng. D·ªÖ ph·ªëi ƒë·ªì. ∆Øng l·∫Øm lu√¥n",ch·∫•t l∆∞·ª£ng s·∫£n ph·∫©m
24,quang_huy,2,"H·ªôp b·ªã m√©o m√≥, sp b√™n trong c≈©ng b·ªã v·ª°. Ch√°nnnnnnnnnnnnnn",ch·∫•t l∆∞·ª£ng s·∫£n ph·∫©m
25,ngoc_diep,4,"Son l√™n m√†u chu·∫©n, m√† h∆°i kh√¥ m√¥i ch√∫t. N√™n d∆∞·ª°ng trc khi d√πng",ch·∫•t l∆∞·ª£ng s·∫£n ph·∫©m
26,le_vy,5,"M√°y r·ª≠a m·∫∑t t·ªët, s·∫°ch s√¢u. D√πng da cƒÉng b√≥ng lu√¥n. Qjdowidk",ch·∫•t l∆∞·ª£ng s·∫£n ph·∫©m
27,hoang_thang_ne,1,"ƒê·ªì gi·∫£, nh√¨n l√† bi·∫øt ngay. N∆∞·ªõc hoa ko th∆°m t√≠ n√†o. M·∫•t ti·ªÅn v√¥ √≠ch",ch·∫•t l∆∞·ª£ng s·∫£n ph·∫©m
28,tien_minh,5,"S√°ch hay, in ƒë·∫πp, gi·∫•y t·ªët. ƒê√≥ng g√≥i c·∫©n th·∫≠n. Giao h√†ng r·∫•t nhanh",ch·∫•t l∆∞·ª£ng s·∫£n ph·∫©m
29,thanh_tai_99,3,"C√¢n ko ch√≠nh x√°c, sai s·ªë nhi·ªÅu. Mua v·ªÅ ko d√πng ƒëc üò≠üò≠",ch·∫•t l∆∞·ª£ng s·∫£n ph·∫©m
30,phuong_anh,4,"T√∫i v·∫£i ƒë·∫πp, d√¢y h∆°i ng·∫Øn. V·∫´n ok v·ªõi gi√° ti·ªÅn",ch·∫•t l∆∞·ª£ng s·∫£n ph·∫©m
31,le_duy,5,"S·∫°c nhanh, d√πng ko b·ªã n√≥ng. S·∫Ω ·ªßng h·ªô shop d√†i d√†i",ch·∫•t l∆∞·ª£ng s·∫£n ph·∫©m
32,mai_linh,2,"D√©p b·ªã ƒë·ª©t quai, m·ªõi ƒëi ƒëc 1 ng√†y. Qu√° t·ªá",ch·∫•t l∆∞·ª£ng s·∫£n ph·∫©m
33,ngoc_bich_ne,5,"Kem ch·ªëng n·∫Øng ko b·∫øt r√≠t. D√πng r·∫•t th√≠ch. Rcmmn nhaa",ch·∫•t l∆∞·ª£ng s·∫£n ph·∫©m
34,tran_hieu_2k,3,"L∆∞·ªõi ko ch·∫Øc ch·∫Øn l·∫Øm. L·∫Øp v√†o h∆°i kh√≥. D√πng t·∫°m",ch·∫•t l∆∞·ª£ng s·∫£n ph·∫©m
35,van_hien,4,"√Åo kho√°c ·∫•m, m√† l√¥ng h∆°i b·ªã r·ª•ng. Gi·∫∑t xong c≈©ng ƒë·ª° r·ª•ng h∆°n",ch·∫•t l∆∞·ª£ng s·∫£n ph·∫©m
36,quang_duc,5,"ƒê√®n led s√°ng, nhi·ªÅu ch·∫ø ƒë·ªô. Ti·ªán l·∫Øm lu√¥n. Giao nhanh v√£i",ch·∫•t l∆∞·ª£ng s·∫£n ph·∫©m
37,hong_anh,1,"ƒê·ªìng h·ªì b·ªã l·ªói, ko l√™n ngu·ªìn. B√°o shop m√† ko th·∫•y tr·∫£ l·ªùi",ch·∫•t l∆∞·ª£ng s·∫£n ph·∫©m
38,ha.nguyen.12,5,"Gi√†y th·ªÉ thao √™m ch√¢n. ƒêi ch∆°i hay ƒëi h·ªçc ƒë·ªÅu ƒëc",ch·∫•t l∆∞·ª£ng s·∫£n ph·∫©m
39,minh_dung,3,"√Åo n·ªâ b·ªã x√π l√¥ng sau l·∫ßn gi·∫∑t ƒë·∫ßu ti√™n. H∆°i th·∫•t v·ªçng",ch·∫•t l∆∞·ª£ng s·∫£n ph·∫©m
40,lan_anh,4,"KhƒÉn t·∫Øm m·ªÅm, th·∫•m h√∫t t·ªët. M√† h∆°i nh·ªè so v·ªõi t∆∞·ªüng t∆∞·ª£ng",ch·∫•t l∆∞·ª£ng s·∫£n ph·∫©m
41,viet_hung,5,"B√†n ch·∫£i ƒë√°nh rƒÉng ƒëi·ªán r·∫•t s·∫°ch. Ko b·ªã √™ bu·ªët. Th√≠ch l·∫Øm",ch·∫•t l∆∞·ª£ng s·∫£n ph·∫©m
42,ngoc_linh_99,2,"G·ªëi b·ªã x·∫πp, ko ph·ªìng nh∆∞ h√¨nh. N·∫±m ko tho·∫£i m√°i",ch·∫•t l∆∞·ª£ng s·∫£n ph·∫©m
43,phuong_thao,5,"N∆∞·ªõc hoa th∆°m, gi·ªØ m√πi l√¢u. R·∫•t ƒë√°ng ti·ªÅn",ch·∫•t l∆∞·ª£ng s·∫£n ph·∫©m
44,duy_anh,3,"K√≠nh ko gi·ªëng h√¨nh l·∫Øm. ƒêeo h∆°i l·ªèng",ch·∫•t l∆∞·ª£ng s·∫£n ph·∫©m
45,hoang_long,4,"Th·∫£m ch√πi ch√¢n s·∫°ch, m√† h∆°i m·ªèng. OK v·ªõi gi√°",ch·∫•t l∆∞·ª£ng s·∫£n ph·∫©m
46,mai_phuong,5,"B√¨nh gi·ªØ nhi·ªát t·ªët, gi·ªØ n√≥ng c·∫£ ng√†y. Ch·∫•t li·ªáu x·ªãn s√≤",ch·∫•t l∆∞·ª£ng s·∫£n ph·∫©m
47,tuan_anh_99,1,"Tai nghe 1 b√™n ko nghe ƒëc. B·∫£o h√†nh th√¨ kh√≥ khƒÉn",ch·∫•t l∆∞·ª£ng s·∫£n ph·∫©m
48,thu_hien,5,"Son kem l·ª≥, l√™n m√†u ƒë·∫πp. ƒÇn u·ªëng ko b·ªã tr√¥i. N√™n muaaa",ch·∫•t l∆∞·ª£ng s·∫£n ph·∫©m
49,nguyen_hoang,3,"L·ªç serum b·ªã ƒë·ªï. M·∫•t 1 n·ª≠a. ƒê√≥ng g√≥i ko c·∫©n th·∫≠n",ch·∫•t l∆∞·ª£ng s·∫£n ph·∫©m
50,lan_huong,4,"D·∫ßu g·ªôi ƒë·∫ßu m∆∞·ª£t, m√† ko th·∫•y gi·∫£m r·ª•ng t√≥c",ch·∫•t l∆∞·ª£ng s·∫£n ph·∫©m
51,tien_dung,5,"Qu·∫°t ch·∫°y √™m, gi√≥ m√°t. G·ªçn nh·∫π, d·ªÖ mang ƒëi. Oki laaaa",ch·∫•t l∆∞·ª£ng s·∫£n ph·∫©m
52,cam_tu,2,"T·∫•t b·ªã r√°ch ngay l·∫ßn ƒë·∫ßu ti√™n ƒëi. V·∫£i t·ªá",ch·∫•t l∆∞·ª£ng s·∫£n ph·∫©m
53,van_anh,5,"Kem d∆∞·ª°ng da th·∫•m nhanh, ko b·∫øt. D√πng da cƒÉng b√≥ng lu√¥n",ch·∫•t l∆∞·ª£ng s·∫£n ph·∫©m
54,duc_trong,3,"√Åo kho√°c kaki b·ªã bay m√†u. Gi·∫∑t 1 l·∫ßn l√† kh√°c h·∫≥n",ch·∫•t l∆∞·ª£ng s·∫£n ph·∫©m
55,minh_quan,4,"M≈© b·∫£o hi·ªÉm ƒë·∫πp, m√† h∆°i n·∫∑ng ƒë·∫ßu",ch·∫•t l∆∞·ª£ng s·∫£n ph·∫©m
56,ngoc_anh_2k,5,"Balo ch·∫Øc ch·∫Øn, nhi·ªÅu ngƒÉn. R·∫•t ti·ªán ƒë·ªÉ ƒëi h·ªçc",ch·∫•t l∆∞·ª£ng s·∫£n ph·∫©m
57,quoc_viet,1,"S·∫£n ph·∫©m ko ƒë√∫ng size, b·ªã r·ªông qu√° tr·ªùi. ƒê·ªïi tr·∫£ th√¨ kh√≥",ch·∫•t l∆∞·ª£ng s·∫£n ph·∫©m
58,thanh_lan,5,"N·ªìi c∆°m ƒëi·ªán t·ªët, c∆°m ch√≠n ƒë·ªÅu, ngon. X·ª©ng ƒë√°ng ƒë·∫ßu t∆∞",ch·∫•t l∆∞·ª£ng s·∫£n ph·∫©m
59,huy_hung,3,"D√©p x·ªëp ƒëi ·ªçp ·∫πp, nhanh h·ªèng. Ko ƒë√°ng ti·ªÅn",ch·∫•t l∆∞·ª£ng s·∫£n ph·∫©m
60,phuong_linh,4,"√Åo ph√¥ng v·∫£i cotton, m·∫∑c m√°t. C√≥ ƒëi·ªÅu in h√¨nh h∆°i nh√≤e",ch·∫•t l∆∞·ª£ng s·∫£n ph·∫©m
61,hai_yen,5,"B√°nh ngon, ko qu√° ng·ªçt. ƒê√≥ng g√≥i l·ªãch s·ª±. S·∫Ω mua l·∫°i",ch·∫•t l∆∞·ª£ng s·∫£n ph·∫©m
62,hoang_phuoc,2,"M√°y s·∫•y t√≥c y·∫øu, s·∫•y l√¢u kh√¥. L·∫°i c√≤n n√≥ng m√°y",ch·∫•t l∆∞·ª£ng s·∫£n ph·∫©m
63,thanh_long,5,"Kh√≥a c·ª≠a v√¢n tay nh·∫°y, d·ªÖ l·∫Øp ƒë·∫∑t. C·ª±c k·ª≥ ti·ªán l·ª£i",ch·∫•t l∆∞·ª£ng s·∫£n ph·∫©m
64,quynh_giao,3,"Son d∆∞·ª°ng ko m√†u, ko m√πi. Thoa l√™n c≈©ng ko th·∫•y hi·ªáu qu·∫£",ch·∫•t l∆∞·ª£ng s·∫£n ph·∫©m
65,duc_thang,4,"Kh·∫©u trang y t·∫ø d√†y d·∫∑n, ko b·ªã kh√≥ th·ªü. M√† d√¢y h∆°i l·ªèng",ch·∫•t l∆∞·ª£ng s·∫£n ph·∫©m
66,minh_anh_12,5,"ƒê·ªám ng·ªß √™m, n·∫±m ko b·ªã ƒëau l∆∞ng. Ng·ªß ngon h∆°n h·∫≥n",ch·∫•t l∆∞·ª£ng s·∫£n ph·∫©m
67,thuy_duong,1,"Thu·ªëc ko c√≥ t√°c d·ª•ng. U·ªëng v√†o ko th·∫•y g√¨. S·ª£ qu√°",ch·∫•t l∆∞·ª£ng s·∫£n ph·∫©m
68,tran_thanh_ne,5,"Gi·∫•y ƒÉn dai, ko b·ªã b·ªü. D√πng r·∫•t ti·∫øt ki·ªám",ch·∫•t l∆∞·ª£ng s·∫£n ph·∫©m
69,minh_tri,3,"Th·∫Øt l∆∞ng da d·ªÖ b·ªã bong. M·ªõi d√πng ƒëc 2 th√°ng",ch·∫•t l∆∞·ª£ng s·∫£n ph·∫©m
70,ngoc_thao,4,"B√≥ng ƒë√®n led s√°ng, m√† h∆°i b·ªã nh·∫•p nh√°y",ch·∫•t l∆∞·ª£ng s·∫£n ph·∫©m
71,tien_dat,5,"B√¨nh hoa th·ªßy tinh ƒë·∫πp, decor ph√≤ng kh√°ch x·ªãn l·∫Øm",ch·∫•t l∆∞·ª£ng s·∫£n ph·∫©m
72,van_hai,2,"√Åo m∆∞a b·ªã r√°ch. V·ª´a m·∫∑c ƒëi tr·ªùi m∆∞a l√† ∆∞·ªõt h·∫øt ng∆∞·ªùi",ch·∫•t l∆∞·ª£ng s·∫£n ph·∫©m
73,quang_an,5,"D√¢y s·∫°c nhanh, ko b·ªã n√≥ng. G·ªçn nh·∫π, d·ªÖ mang ƒëi",ch·∫•t l∆∞·ª£ng s·∫£n ph·∫©m
74,thanh_hai,3,"B√¥ng t·∫©y trang m·ªèng, d·ªÖ r√°ch. Ko ƒë√°ng ti·ªÅn",ch·∫•t l∆∞·ª£ng s·∫£n ph·∫©m
75,hoang_lam,4,"Bao cao su m·ªèng, th·∫≠t. M·ªõi d√πng th·ª≠ n√™n ko bi·∫øt sao",ch·∫•t l∆∞·ª£ng s·∫£n ph·∫©m
76,mai_anh,5,"Kem ƒë√°nh rƒÉng tr·∫Øng, th∆°m mi·ªáng. D√πng th√≠ch l·∫Øm",ch·∫•t l∆∞·ª£ng s·∫£n ph·∫©m
77,tan_tai,1,"M√°y massage b·ªã rung y·∫øu. Ko c√≥ t√°c d·ª•ng g√¨ c·∫£. L·ª´a ƒë·∫£o",ch·∫•t l∆∞·ª£ng s·∫£n ph·∫©m
78,cam_van,5,"KhƒÉn gi·∫•y ∆∞·ªõt d√†y, ko m√πi. R·∫•t ti·ªán ƒë·ªÉ mang theo",ch·∫•t l∆∞·ª£ng s·∫£n ph·∫©m
79,duy_hieu,3,"B√∫t vi·∫øt m·ª±c ko ƒë·ªÅu, hay b·ªã t·∫Øc m·ª±c",ch·∫•t l∆∞·ª£ng s·∫£n ph·∫©m
80,huyen_trang,4,"T√∫i x√°ch v·∫£i ƒë·∫πp, m√† d√¢y ƒëeo h∆°i ng·∫Øn. Mang ƒëc √≠t ƒë·ªì th√¥i",ch·∫•t l∆∞·ª£ng s·∫£n ph·∫©m
81,anh_tuan,5,"S·ªØa r·ª≠a m·∫∑t s·∫°ch s√¢u, ko kh√¥ da. R·∫•t ∆∞ng",ch·∫•t l∆∞·ª£ng s·∫£n ph·∫©m
82,lan_phuong,2,"ƒê·ªì ch∆°i nh·ª±a gi√≤n, d·ªÖ g√£y. Con ch∆°i ƒëc 1 l√∫c l√† h·ªèng",ch·∫•t l∆∞·ª£ng s·∫£n ph·∫©m
83,duc_minh,5,"M√°y h√∫t b·ª•i m·∫°nh, g·ªçn nh·∫π. H√∫t s·∫°ch c·∫£ t√≥c",ch·∫•t l∆∞·ª£ng s·∫£n ph·∫©m
84,mai_huyen,3,"N·ªìi chi√™n ko d·∫ßu b·ªã bong ch·ªëng d√≠nh. D√πng 1 th·ªùi gian l√† b·ªã",ch·∫•t l∆∞·ª£ng s·∫£n ph·∫©m
85,binh_minh,4,"Bao ƒë·ª±ng ƒëi·ªán tho·∫°i ƒë·∫πp, m√† b·ªã ·ªë v√†ng nhanh",ch·∫•t l∆∞·ª£ng s·∫£n ph·∫©m
86,nguyen_an,5,"G∆∞∆°ng trang ƒëi·ªÉm s√°ng, ko b·ªã m√©o. R·∫•t n√©t",ch·∫•t l∆∞·ª£ng s·∫£n ph·∫©m
87,phuong_anh_2k,1,"Kem tr·ªã m·ª•n ko hi·ªáu qu·∫£. M·ª•n v·∫´n m·ªçc ·∫ßm ·∫ßm. T·ªën ti·ªÅn",ch·∫•t l∆∞·ª£ng s·∫£n ph·∫©m
88,huy_ngoc,5,"M√°y l√†m t√≥c xoƒÉn ƒë·∫πp, ko b·ªã h∆∞ t√≥c. D√πng r·∫•t th√≠ch",ch·∫•t l∆∞·ª£ng s·∫£n ph·∫©m
89,nguyen_thi_ha,3,"√Åo len h∆°i d√£o. M·ªõi m·∫∑c ƒëc 2 l·∫ßn l√† b·ªã gi√£n",ch·∫•t l∆∞·ª£ng s·∫£n ph·∫©m
90,hoang_thanh,4,"M√°y l·ªçc kh√¥ng kh√≠ ch·∫°y √™m, ko ·ªìn. C·∫£m gi√°c kh√¥ng kh√≠ s·∫°ch h∆°n",ch·∫•t l∆∞·ª£ng s·∫£n ph·∫©m
91,tran_ngoc_quynh,5,"B√†n ph√≠m c∆° b·∫•m s∆∞·ªõng, g√µ √™m, nh·∫°y. ƒê√°ng ti·ªÅn l·∫Øm",ch·∫•t l∆∞·ª£ng s·∫£n ph·∫©m
92,minh_thu_ne,2,"B√¨nh th·ªßy tinh b·ªã n·ª©t, ko d√πng ƒëc. ƒê√≥ng g√≥i r·∫•t c·∫©u th·∫£",ch·∫•t l∆∞·ª£ng s·∫£n ph·∫©m
93,ngoc_quynh,5,"D√¢y chuy·ªÅn b·∫°c s√°ng, ko b·ªã ƒëen. ƒêeo r·∫•t xinh. N√™n mua",ch·∫•t l∆∞·ª£ng s·∫£n ph·∫©m
94,duy_phuoc,3,"C·ªß s·∫°c b·ªã n√≥ng qu√°, s·∫°c c≈©ng ch·∫≠m. Th√¥i d√πng t·∫°m",ch·∫•t l∆∞·ª£ng s·∫£n ph·∫©m
95,lan_anh_23,4,"H·ªôp c∆°m gi·ªØ nhi·ªát t·ªët, m√† h∆°i n·∫∑ng. Mang ƒëi l√†m h∆°i b·∫•t ti·ªán",ch·∫•t l∆∞·ª£ng s·∫£n ph·∫©m
96,tien_dung_99,5,"M√°y xay sinh t·ªë kh·ªèe, xay nhuy·ªÖn. D·ªÖ v·ªá sinh",ch·∫•t l∆∞·ª£ng s·∫£n ph·∫©m
97,cam_ly,1,"B√°nh k·∫πo b·ªã m·ªëc, h·∫øt h·∫°n. Qu√° t·ªá, ko c√≥ l∆∞∆°ng t√¢m",ch·∫•t l∆∞·ª£ng s·∫£n ph·∫©m
98,ngoc_anh_9x,5,"Th√πng ƒë·ª±ng ƒë·ªì to, ch·∫Øc ch·∫Øn. D·ªÖ di chuy·ªÉn",ch·∫•t l∆∞·ª£ng s·∫£n ph·∫©m
99,thuy_linh,3,"·ªêp ƒëi·ªán tho·∫°i c·ª©ng, kh√≥ th√°o l·∫Øp. H∆°i ƒëau tay",ch·∫•t l∆∞·ª£ng s·∫£n ph·∫©m
100,trinh_van,4,"ƒê≈©a tre s·∫°ch, ko b·ªã m·ªëc. D√πng an to√†n",ch·∫•t l∆∞·ª£ng s·∫£n ph·∫©m
101,huy_hoang_2k,5,"Gh·∫ø massage √™m, th∆∞ gi√£n. B·ªã nghi·ªán c√°i n√†y r·ªìi",ch·∫•t l∆∞·ª£ng s·∫£n ph·∫©m
102,tran_huy,2,"M≈© len b·ªã r√°ch, len x√π. Nh√¨n nh∆∞ h√†ng c≈©",ch·∫•t l∆∞·ª£ng s·∫£n ph·∫©m
103,van_an_99,5,"B√†n h·ªçc ch·∫Øc ch·∫Øn, d·ªÖ l·∫Øp r√°p. R·∫•t ti·ªán l·ª£i cho con",ch·∫•t l∆∞·ª£ng s·∫£n ph·∫©m
104,ngoc_hai_ne,3,"Gi√†y b·ªã bung keo, m·ªõi ƒëi ƒëc 1 tu·∫ßn. Ch·∫•t l∆∞·ª£ng k√©m",ch·∫•t l∆∞·ª£ng s·∫£n ph·∫©m
105,minh_tuyen,4,"K√≠nh c∆∞·ªùng l·ª±c d·ªÖ d√°n, m√† h∆°i b·ªã b√°m v√¢n tay",ch·∫•t l∆∞·ª£ng s·∫£n ph·∫©m
106,nguyen_thi_duyen,5,"B√°t s·ª© ƒë·∫πp, ko b·ªã s·ª©t m·∫ª. Ch·∫Øc ch·∫Øn, ƒë√°ng ti·ªÅn",ch·∫•t l∆∞·ª£ng s·∫£n ph·∫©m
107,pham_quang,1,"S∆°n m√≥ng tay b·ªã v√≥n c·ª•c. M·ªõi d√πng ƒëc 1 l·∫ßn l√† v·ª©t",ch·∫•t l∆∞·ª£ng s·∫£n ph·∫©m
108,thanh_hoa_ne,5,"M√°y l·ªçc n∆∞·ªõc ch·∫°y √™m, n∆∞·ªõc s·∫°ch. N∆∞·ªõc ng·ªçt h∆°n h·∫≥n",ch·∫•t l∆∞·ª£ng s·∫£n ph·∫©m
109,quang_minh,3,"ƒê√®n b√†n b·ªã ch·∫≠p ch·ªùn, l√∫c s√°ng l√∫c ko",ch·∫•t l∆∞·ª£ng s·∫£n ph·∫©m
110,nguyen_thi_huong,4,"GƒÉng tay cao su d√†y, ko b·ªã r√°ch. R·∫•t dai",ch·∫•t l∆∞·ª£ng s·∫£n ph·∫©m
111,trinh_mai,5,"T·ªß nh·ª±a ch·∫Øc ch·∫Øn, ƒë·ª±ng ƒë·ªì ƒëc nhi·ªÅu. G·ªçn g√†ng",ch·∫•t l∆∞·ª£ng s·∫£n ph·∫©m
112,le_trong,2,"B·ªôt gi·∫∑t ko s·∫°ch, qu·∫ßn √°o v·∫´n c√≤n v·∫øt b·∫©n",ch·∫•t l∆∞·ª£ng s·∫£n ph·∫©m
113,mai_hien_2k,5,"D√©p ƒëi trong nh√† ·∫•m, √™m. ƒêi ko b·ªã tr∆°n tr∆∞·ª£t",ch·∫•t l∆∞·ª£ng s·∫£n ph·∫©m
114,ngoc_diep_98,3,"B√¨nh x·ªãt kho√°ng b·ªã h·ªèng v√≤i x·ªãt. B·∫•m m√£i ko ra",ch·∫•t l∆∞·ª£ng s·∫£n ph·∫©m
115,tran_quoc_huy,4,"B·ªô qu·∫ßn √°o tr·∫ª em v·∫£i m√°t, m√† h∆°i b·ªã phai m√†u",ch·∫•t l∆∞·ª£ng s·∫£n ph·∫©m
116,hoang_thuan_2k,5,"B√°nh x·ªëp ngon, gi√≤n, ko qu√° ng·ªçt. Mua cho b√© r·∫•t th√≠ch",ch·∫•t l∆∞·ª£ng s·∫£n ph·∫©m
117,le_thuy_tien,1,"Son m√¥i b·ªã g√£y, m·ªü ra l√† v·ª° n√°t. Shop ƒë√≥ng g√≥i t·ªá",ch·∫•t l∆∞·ª£ng s·∫£n ph·∫©m
118,minh_tuan_ne,5,"Qu·∫ßn jean co gi√£n t·ªët, m·∫∑c tho·∫£i m√°i. Form ƒë·∫πp",ch·∫•t l∆∞·ª£ng s·∫£n ph·∫©m
119,le_thi_linh,3,"√Åo thun b·ªã nhƒÉn, gi·∫∑t xong v·∫´n nhƒÉn. Ph·∫£i ·ªßi nhi·ªÅu",ch·∫•t l∆∞·ª£ng s·∫£n ph·∫©m
120,tran_hoang,4,"KhƒÉn qu√†ng c·ªï m·ªÅm, ·∫•m. M√† h∆°i b·ªã x√π l√¥ng",ch·∫•t l∆∞·ª£ng s·∫£n ph·∫©m
121,nguyen_hong_van,5,"Kem d∆∞·ª°ng m·∫Øt t·ªët, gi·∫£m th√¢m qu·∫ßng. D√πng ƒëc 1 tu·∫ßn th·∫•y hi·ªáu qu·∫£",ch·∫•t l∆∞·ª£ng s·∫£n ph·∫©m
122,nguyen_van_hai,2,"ƒê√®n pin b·ªã h·ªèng b√≥ng. M·ªõi d√πng ƒëc 1 l·∫ßn l√† ko s√°ng n·ªØa",ch·∫•t l∆∞·ª£ng s·∫£n ph·∫©m
123,phuong_thao_99,5,"B√¨nh gi·ªØ nhi·ªát nh·ªè g·ªçn, ti·ªán mang ƒëi. Gi·ªØ ·∫•m c·∫£ ng√†y",ch·∫•t l∆∞·ª£ng s·∫£n ph·∫©m
124,duy_anh_2k,3,"Bao ƒë·ª±ng laptop b·ªã l·ªèng. K√≠ch th∆∞·ªõc ko ƒë√∫ng",ch·∫•t l∆∞·ª£ng s·∫£n ph·∫©m
125,ngoc_vy,4,"M√°y t√≠nh b·∫£ng ch·∫°y nhanh, pin t·ªët. M√† m√†n h√¨nh h∆°i l√≥a",ch·∫•t l∆∞·ª£ng s·∫£n ph·∫©m
126,hoang_long_99,5,"√Åo s∆° mi v·∫£i ƒë·∫πp, ƒë·ª©ng form. R·∫•t l·ªãch s·ª±",ch·∫•t l∆∞·ª£ng s·∫£n ph·∫©m
127,thanh_ngan,1,"Gi√†y b·ªã ch·∫≠t, ko ƒëi v·ª´a. B√°o shop ko gi·∫£i quy·∫øt",ch·∫•t l∆∞·ª£ng s·∫£n ph·∫©m
128,minh_huy,5,"T√∫i x√°ch da ƒë·∫πp, ƒë∆∞·ªùng may ch·∫Øc ch·∫Øn. R·∫•t h√†i l√≤ng",ch·∫•t l∆∞·ª£ng s·∫£n ph·∫©m
129,nguyen_duy,3,"ƒê·ªìng h·ªì b·ªã sai gi·ªù, ch·∫°y ch·∫≠m. Ch·∫Øc l√† h√†ng nh√°i",ch·∫•t l∆∞·ª£ng s·∫£n ph·∫©m
130,lan_anh_ne,4,"√Åo hoodie ·∫•m, m√† h∆°i m·ªèng. OK v·ªõi gi√°",ch·∫•t l∆∞·ª£ng s·∫£n ph·∫©m
131,tran_anh_tuan,5,"S·ªØa t·∫Øm th∆°m, l√†m s·∫°ch t·ªët. D√πng xong da m·ªÅm",ch·∫•t l∆∞·ª£ng s·∫£n ph·∫©m
132,ngoc_hoang,2,"G∆∞∆°ng b·ªã v·ª°. ƒê√≥ng g√≥i qu√° t·ªá, ch·ªâ g√≥i trong 1 l·ªõp gi·∫•y m·ªèng",ch·∫•t l∆∞·ª£ng s·∫£n ph·∫©m
133,huy_dat,5,"B√∫t bi vi·∫øt tr∆°n, m·ª±c ƒë·ªÅu. Vi·∫øt ko b·ªã lem",ch·∫•t l∆∞·ª£ng s·∫£n ph·∫©m
134,thu_huong,3,"K√≠nh m√°t b·ªã l·ªèng ·ªëc. ƒêeo hay b·ªã tu·ªôt xu·ªëng",ch·∫•t l∆∞·ª£ng s·∫£n ph·∫©m
135,le_hoang_anh,4,"S√°ch t√¥ m√†u gi·∫•y d√†y, t√¥ ko b·ªã lem sang trang sau",ch·∫•t l∆∞·ª£ng s·∫£n ph·∫©m
136,nguyen_minh_chau,5,"Kem ch·ªëng n·∫Øng ko b·∫øt r√≠t. D√πng r·∫•t th√≠ch. Rcmmn nhaa",ch·∫•t l∆∞·ª£ng s·∫£n ph·∫©m
137,vu_hoang,1,"C√°p s·∫°c ko v√†o ƒëi·ªán. C·∫Øm v√†o ko th·∫•y g√¨. R√°c",ch·∫•t l∆∞·ª£ng s·∫£n ph·∫©m
138,pham_thi_yen,5,"√Åo bra m·∫∑c √™m, ko b·ªã h·∫±n. Tho·∫£i m√°i l·∫Øm",ch·∫•t l∆∞·ª£ng s·∫£n ph·∫©m
139,tran_van_hung,3,"T√∫i ƒë·ª±ng m·ªπ ph·∫©m h∆°i nh·ªè, ko ƒë·ª±ng ƒëc nhi·ªÅu ƒë·ªì",ch·∫•t l∆∞·ª£ng s·∫£n ph·∫©m
140,mai_hien_ne,4,"B√≥ng bay d√†y, ko d·ªÖ v·ª°. Ph√π h·ª£p ƒë·ªÉ trang tr√≠",ch·∫•t l∆∞·ª£ng s·∫£n ph·∫©m
141,nguyen_thi_anh,5,"Gi·∫•y d√°n t∆∞·ªùng d√†y, d·ªÖ d√°n. Keo d√≠nh ch·∫Øc",ch·∫•t l∆∞·ª£ng s·∫£n ph·∫©m
142,hoang_thanh_2k,2,"Son b·ªã m√≥p m√©o, nh√¨n ko ƒë∆∞·ª£c. H·ªôp c≈©ng r√°ch",ch·∫•t l∆∞·ª£ng s·∫£n ph·∫©m
143,tran_ngoc_linh,5,"M√°y x√¥ng tinh d·∫ßu ch·∫°y √™m, phun s∆∞∆°ng ƒë·ªÅu. R·∫•t th∆∞ gi√£n",ch·∫•t l∆∞·ª£ng s·∫£n ph·∫©m
144,le_thi_mai,3,"√Åo kho√°c ko c√≥ l√≥t, m·∫∑c h∆°i d·∫∑m. ƒê∆∞·ªùng may ko c·∫©n th·∫≠n",ch·∫•t l∆∞·ª£ng s·∫£n ph·∫©m
145,minh_tan,4,"B√¨nh ƒë·ª±ng n∆∞·ªõc th·ªßy tinh ƒë·∫πp, m√† n·∫Øp h∆°i l·ªèng",ch·∫•t l∆∞·ª£ng s·∫£n ph·∫©m
146,nguyen_thi_nga,5,"Khay ƒë·ª±ng ƒë·ªì ƒÉn s√°ng, ƒë·∫πp. Ch·∫•t li·ªáu t·ªët",ch·∫•t l∆∞·ª£ng s·∫£n ph·∫©m
147,pham_van_quang,1,"L∆∞·ª£c ch·∫£i t√≥c b·ªã g√£y rƒÉng. M·ªõi ch·∫£i ƒëc v√†i l·∫ßn l√† g√£y",ch·∫•t l∆∞·ª£ng s·∫£n ph·∫©m
148,ngoc_duyen,5,"D√©p ƒëi trong nh√† ·∫•m, √™m. ƒêi ko b·ªã tr∆°n tr∆∞·ª£t",ch·∫•t l∆∞·ª£ng s·∫£n ph·∫©m
149,tran_hoang_anh,3,"N·ªìi chi√™n kh√¥ng d·∫ßu b·ªã bong ch·ªëng d√≠nh. D√πng 1 th·ªùi gian l√† b·ªã",ch·∫•t l∆∞·ª£ng s·∫£n ph·∫©m
150,le_ngoc_minh,4,"B·ªô chƒÉn ga g·ªëi v·∫£i m·ªÅm, gi·∫∑t ko b·ªã phai m√†u",ch·∫•t l∆∞·ª£ng s·∫£n ph·∫©m
151,nguyen_thi_hang,5,"S·ªØa r·ª≠a m·∫∑t s·∫°ch s√¢u, ko kh√¥ da. R·∫•t ∆∞ng",ch·∫•t l∆∞·ª£ng s·∫£n ph·∫©m
152,phuong_thao_ne,2,"ƒê√®n pin b·ªã h·ªèng b√≥ng. M·ªõi d√πng ƒëc 1 l·∫ßn l√† ko s√°ng n·ªØa",ch·∫•t l∆∞·ª£ng s·∫£n ph·∫©m
153,nguyen_an_99,5,"Kem ch·ªëng n·∫Øng ko b·∫øt r√≠t. D√πng r·∫•t th√≠ch. Rcmmn nhaa",ch·∫•t l∆∞·ª£ng s·∫£n ph·∫©m
154,hoang_duy,3,"K√≠nh m√°t b·ªã l·ªèng ·ªëc. ƒêeo hay b·ªã tu·ªôt xu·ªëng",ch·∫•t l∆∞·ª£ng s·∫£n ph·∫©m
155,minh_hoa,4,"B√¨nh gi·ªØ nhi·ªát t·ªët, gi·ªØ n√≥ng c·∫£ ng√†y. Ch·∫•t li·ªáu x·ªãn s√≤",ch·∫•t l∆∞·ª£ng s·∫£n ph·∫©m
156,tran_tuan_98,5,"B√°nh ngon, ko qu√° ng·ªçt. ƒê√≥ng g√≥i l·ªãch s·ª±. S·∫Ω mua l·∫°i",ch·∫•t l∆∞·ª£ng s·∫£n ph·∫©m
157,nguyen_thai_son,1,"T√∫i x√°ch da d·ªÖ b·ªã tr·∫ßy. M·ªõi mua v·ªÅ l√† c√≥ v·∫øt tr·∫ßy",ch·∫•t l∆∞·ª£ng s·∫£n ph·∫©m
158,le_ngoc_vy,5,"√Åo hoodie ·∫•m, m√† h∆°i m·ªèng. OK v·ªõi gi√°",ch·∫•t l∆∞·ª£ng s·∫£n ph·∫©m
159,tran_minh_quang,3,"√Åo thun b·ªã nhƒÉn, gi·∫∑t xong v·∫´n nhƒÉn. Ph·∫£i ·ªßi nhi·ªÅu",ch·∫•t l∆∞·ª£ng s·∫£n ph·∫©m
160,nguyen_thanh_lam,4,"Bao cao su m·ªèng, th·∫≠t. M·ªõi d√πng th·ª≠ n√™n ko bi·∫øt sao",ch·∫•t l∆∞·ª£ng s·∫£n ph·∫©m
161,pham_thi_thuy,5,"T√∫i x√°ch da ƒë·∫πp, ƒë∆∞·ªùng may ch·∫Øc ch·∫Øn. R·∫•t h√†i l√≤ng",ch·∫•t l∆∞·ª£ng s·∫£n ph·∫©m
162,hoang_van_linh,2,"G∆∞∆°ng b·ªã v·ª°. ƒê√≥ng g√≥i qu√° t·ªá, ch·ªâ g√≥i trong 1 l·ªõp gi·∫•y m·ªèng",ch·∫•t l∆∞·ª£ng s·∫£n ph·∫©m
163,le_thanh_tung,5,"B√∫t bi vi·∫øt tr∆°n, m·ª±c ƒë·ªÅu. Vi·∫øt ko b·ªã lem",ch·∫•t l∆∞·ª£ng s·∫£n ph·∫©m
164,tran_cam_tu,3,"Th·∫Øt l∆∞ng da d·ªÖ b·ªã bong. M·ªõi d√πng ƒëc 2 th√°ng",ch·∫•t l∆∞·ª£ng s·∫£n ph·∫©m
165,nguyen_van_ngoc,4,"D√©p x·ªëp ƒëi ·ªçp ·∫πp, nhanh h·ªèng. Ko ƒë√°ng ti·ªÅn",ch·∫•t l∆∞·ª£ng s·∫£n ph·∫©m
166,ngoc_quynh_ne,5,"√Åo s∆° mi v·∫£i ƒë·∫πp, ƒë·ª©ng form. R·∫•t l·ªãch s·ª±",ch·∫•t l∆∞·ª£ng s·∫£n ph·∫©m
167,le_hai_yen,1,"M√°y massage b·ªã rung y·∫øu. Ko c√≥ t√°c d·ª•ng g√¨ c·∫£. L·ª´a ƒë·∫£o",ch·∫•t l∆∞·ª£ng s·∫£n ph·∫©m
168,tran_hoang_long,5,"KhƒÉn gi·∫•y ∆∞·ªõt d√†y, ko m√πi. R·∫•t ti·ªán ƒë·ªÉ mang theo",ch·∫•t l∆∞·ª£ng s·∫£n ph·∫©m
169,nguyen_thi_hien,3,"L·ªç serum b·ªã ƒë·ªï. M·∫•t 1 n·ª≠a. ƒê√≥ng g√≥i ko c·∫©n th·∫≠n",ch·∫•t l∆∞·ª£ng s·∫£n ph·∫©m
170,pham_ngoc_thao,4,"B√≥ng ƒë√®n led s√°ng, m√† h∆°i b·ªã nh·∫•p nh√°y",ch·∫•t l∆∞·ª£ng s·∫£n ph·∫©m
171,tran_thuy_duong,5,"B√¨nh gi·ªØ nhi·ªát t·ªët, gi·ªØ n√≥ng c·∫£ ng√†y. Ch·∫•t li·ªáu x·ªãn s√≤",ch·∫•t l∆∞·ª£ng s·∫£n ph·∫©m
172,hoang_tuan_anh,2,"Kem ko hi·ªáu qu·∫£ g√¨ c·∫£, d√πng c·∫£ th√°ng m√† ko th·∫•y g√¨. L·ª´a ƒë·∫£o",ch·∫•t l∆∞·ª£ng s·∫£n ph·∫©m
173,le_minh_tri,5,"√Åo ph√¥ng v·∫£i cotton, m·∫∑c m√°t. C√≥ ƒëi·ªÅu in h√¨nh h∆°i nh√≤e",ch·∫•t l∆∞·ª£ng s·∫£n ph·∫©m
174,nguyen_quoc_viet,3,"ƒê√®n b√†n b·ªã ch·∫≠p ch·ªùn, l√∫c s√°ng l√∫c ko",ch·∫•t l∆∞·ª£ng s·∫£n ph·∫©m
175,pham_thi_ngoc_anh,4,"Th·∫£m ch√πi ch√¢n s·∫°ch, m√† h∆°i m·ªèng. OK v·ªõi gi√°",ch·∫•t l∆∞·ª£ng s·∫£n ph·∫©m
176,tran_thanh_phuoc,5,"M√°y l√†m t√≥c xoƒÉn ƒë·∫πp, ko b·ªã h∆∞ t√≥c. D√πng r·∫•t th√≠ch",ch·∫•t l∆∞·ª£ng s·∫£n ph·∫©m
177,hoang_van_phuong,1,"Thu·ªëc ko c√≥ t√°c d·ª•ng. U·ªëng v√†o ko th·∫•y g√¨. S·ª£ qu√°",ch·∫•t l∆∞·ª£ng s·∫£n ph·∫©m
178,le_thi_thu,5,"ƒê√®n led s√°ng, nhi·ªÅu ch·∫ø ƒë·ªô. Ti·ªán l·∫Øm lu√¥n. Giao nhanh v√£i",ch·∫•t l∆∞·ª£ng s·∫£n ph·∫©m
179,tran_hai_yen,3,"D√¢y s·∫°c nhanh, ko b·ªã n√≥ng. G·ªçn nh·∫π, d·ªÖ mang ƒëi",ch·∫•t l∆∞·ª£ng s·∫£n ph·∫©m
180,nguyen_van_hai_ne,4,"L∆∞·ªõi ko ch·∫Øc ch·∫Øn l·∫Øm. L·∫Øp v√†o h∆°i kh√≥. D√πng t·∫°m",ch·∫•t l∆∞·ª£ng s·∫£n ph·∫©m
181,pham_thanh_tung,5,"√Åo kho√°c ·∫•m, m√† l√¥ng h∆°i b·ªã r·ª•ng. Gi·∫∑t xong c≈©ng ƒë·ª° r·ª•ng h∆°n",ch·∫•t l∆∞·ª£ng s·∫£n ph·∫©m
182,le_duy_anh,2,"√Åo m∆∞a b·ªã r√°ch. V·ª´a m·∫∑c ƒëi tr·ªùi m∆∞a l√† ∆∞·ªõt h·∫øt ng∆∞·ªùi",ch·∫•t l∆∞·ª£ng s·∫£n ph·∫©m
183,tran_quoc_viet,5,"S√°ch hay, in ƒë·∫πp, gi·∫•y t·ªët. ƒê√≥ng g√≥i c·∫©n th·∫≠n. Giao h√†ng r·∫•t nhanh",ch·∫•t l∆∞·ª£ng s·∫£n ph·∫©m
184,nguyen_thi_linh,3,"Qu·∫ßn h∆°i ch·∫≠t, ko co gi√£n m·∫•y. Mua size l m√† v·∫´n ko v·ª´a üò•",ch·∫•t l∆∞·ª£ng s·∫£n ph·∫©m
185,pham_van_hung,4,"√Åo xinhhhh, v·∫£i d√†y d·∫∑n. S·∫Ω ·ªßng h·ªô shop n·ªØa. Giao h√†ng nhanh vch",ch·∫•t l∆∞·ª£ng s·∫£n ph·∫©m
186,tran_minh_ngoc,5,"S·∫£n ph·∫©m r·∫•t t·ªët ·∫°. Giao h√†ng nhanh l·∫Øm lu√¥n. Mua l·∫ßn t4 m√† v·∫´n ∆∞ng",ch·∫•t l∆∞·ª£ng s·∫£n ph·∫©m
187,hoang_quang_huy,1,"H√†ng b·ªã l·ªói r·ªìi shop ∆°i, ƒë∆∞·ªùng may ko ƒë·ªÅu. Cho 2 sao th√¥i",ch·∫•t l∆∞·ª£ng s·∫£n ph·∫©m
188,le_thi_mai_anh,5,"ƒê√°ng mua nha mn. Qu·∫ßn √°o okeeee lm, m·∫∑c t√¥n d√°ng. Gi√° r·∫ª n·ªØa",ch·∫•t l∆∞·ª£ng s·∫£n ph·∫©m
189,nguyen_ngoc_anh,3,"H√¨nh ·∫£nh v√† sp ko gi·ªëng l·∫Øm. M√πi h∆°i kh√≥ ch·ªãu. H∆°i th·∫•t v·ªçng",ch·∫•t l∆∞·ª£ng s·∫£n ph·∫©m
190,pham_minh_hieu,4,"V·∫£i ƒë·∫πp, m·∫∑c m√°t. C√≥ ƒëi·ªÅu giao h√†ng h∆°i l√¢u x√≠u th√¥i",ch·∫•t l∆∞·ª£ng s·∫£n ph·∫©m
191,tran_thanh_thuy,5,"√Åo r√°ch, h√†ng d·ªüm, mua v·ªÅ ch·ªâ v·ª©t ƒëi. ƒê·ª´ng ai mua. Ti·ªÅn m·∫•t t·∫≠t mang",ch·∫•t l∆∞·ª£ng s·∫£n ph·∫©m
192,le_duc_huy,1,"ƒê·ªì nh√°i, v·∫£i m·ªèng tang. N√≥i th·∫≠t l√† ko n√™n mua",ch·∫•t l∆∞·ª£ng s·∫£n ph·∫©m
193,nguyen_thi_hang_ne,5,"V·∫£i ƒë·∫πp, m·∫∑c m√°t. C√≥ ƒëi·ªÅu giao h√†ng h∆°i l√¢u x√≠u th√¥i",ch·∫•t l∆∞·ª£ng s·∫£n ph·∫©m
194,pham_thi_ngoc_anh_ne,3,"H√¨nh ·∫£nh v√† sp ko gi·ªëng l·∫Øm. M√πi h∆°i kh√≥ ch·ªãu. H∆°i th·∫•t v·ªçng",ch·∫•t l∆∞·ª£ng s·∫£n ph·∫©m
195,tran_minh_huy,4,"V·∫£i ƒë·∫πp, m·∫∑c m√°t. C√≥ ƒëi·ªÅu giao h√†ng h∆°i l√¢u x√≠u th√¥i",ch·∫•t l∆∞·ª£ng s·∫£n ph·∫©m
196,hoang_van_linh_ne,5,"√Åo r√°ch, h√†ng d·ªüm, mua v·ªÅ ch·ªâ v·ª©t ƒëi. ƒê·ª´ng ai mua. Ti·ªÅn m·∫•t t·∫≠t mang",ch·∫•t l∆∞·ª£ng s·∫£n ph·∫©m
197,le_thi_huyen,1,"H√†ng b·ªã l·ªói r·ªìi shop ∆°i, ƒë∆∞·ªùng may ko ƒë·ªÅu. Cho 2 sao th√¥i",ch·∫•t l∆∞·ª£ng s·∫£n ph·∫©m
198,nguyen_thanh_long,5,"V√°y ƒë·∫πp l·∫Øm ·∫°, m·∫∑c t√¥n d√°ng. D·ªÖ ph·ªëi ƒë·ªì. ∆Øng l·∫Øm lu√¥n",ch·∫•t l∆∞·ª£ng s·∫£n ph·∫©m
199,pham_thai_son,3,"B·ªã thi·∫øu 1 m√≥n ƒë·ªì. Shop ch∆∞a x·ª≠ l√Ω cho t√¥i. G·ªçi ko nghe m√°y",ch·∫•t l∆∞·ª£ng s·∫£n ph·∫©m
200,tran_ngoc_diep_ne,4,"Son l√™n m√†u chu·∫©n, m√† h∆°i kh√¥ m√¥i ch√∫t. N√™n d∆∞·ª°ng trc khi d√πng",ch·∫•t l∆∞·ª£ng s·∫£n ph·∫©m